image_id,keypoints,inliers
10,8000,6
10015,8001,3
10017,8000,6
10030,8000,22
10070,8000,3
1008,8000,7
10138,8000,25
10139,8000,3
10147,8000,3
10152,8001,6
10176,8000,14
10180,8003,9
10208,8000,5
10266,8000,18
10277,8001,10
10290,8000,4
10296,1164,11
10348,8001,7
10398,8000,5
10408,8000,7
1041,4931,6
10435,8000,4
10448,8000,6
10457,8001,5
10458,8000,6
10476,8000,13
10570,8001,5
10602,8000,7
10632,8000,4
10636,8001,9
10645,8001,8
10703,8000,16
10730,8001,21
10742,8000,6
10799,8000,55
10838,8000,3
10855,8000,4
10878,8000,3
10884,8000,3
10886,8000,13
10911,8001,6
10939,8000,5
10951,8000,7
10980,8000,4
10986,5654,30
10991,8000,5
10992,8000,27
1101,8002,6
11010,8000,4
11128,8001,16
11206,8000,18
11223,8000,4
11240,8000,8
11249,8000,12
11277,8000,3
11296,8000,4
11299,8000,9
11307,8000,4
11356,8000,5
11392,8000,13
11399,8000,4
11426,8000,22
1143,8000,4
11440,8000,6
11446,8001,3
11501,8000,5
11508,8000,5
11513,8000,6
11548,8001,28
11639,8001,38
11646,8000,16
11662,8000,5
11698,7430,6
11708,8000,10
1173,8001,18
1174,8000,3
11740,8000,4
11747,8000,10
11761,8000,23
11854,8000,3
11904,8000,14
11910,8001,12
11919,8001,22
11942,8001,5
11954,8000,3
11964,8000,10
11985,8000,13
1201,8000,3
12046,8000,3
12051,8000,5
12064,8000,7
12073,8000,3
12115,8000,4
12124,8000,11
12143,8000,4
12149,8000,9
12184,8001,3
12244,8000,73
1225,8000,5
12261,7587,5
12262,8000,5
12265,8000,3
12289,8000,32
12298,8000,14
12300,8000,4
12307,8000,33
12355,8000,18
12363,8001,4
12364,8000,5
12366,8000,8
1237,8002,6
12412,8000,8
12427,8000,4
12446,8001,6
12459,8000,4
12505,8000,3
1251,8000,4
12557,8000,63
12572,8000,5
12574,8000,15
12589,7928,8
12612,8000,16
12615,8000,5
12629,8000,6
12705,8000,7
1272,8000,4
12747,8000,26
12793,8000,8
12798,8000,3
12809,8000,12
12823,8001,9
12862,8000,5
12879,8000,10
12912,8001,9
12919,8000,3
12924,8000,34
13020,8000,7
13072,8001,3
13108,8000,4
13115,8001,15
13121,8000,4
13187,8001,4
13254,8000,3
13315,8000,8
13361,8000,6
13415,8000,11
13444,8000,20
13451,8000,51
13511,8000,69
13516,8000,11
13603,8000,7
13611,8000,15
13624,8001,3
13635,8000,5
13665,8000,3
13670,8000,16
13677,6169,6
13725,8000,3
13742,8000,3
13744,8000,5
13785,8000,4
13813,8000,28
13839,8000,4
13846,8000,4
1385,8000,4
1386,8000,17
13863,8001,6
13893,8000,14
13898,8000,5
13905,8000,3
13957,8000,4
13971,8000,3
13986,8001,3
13989,8000,6
14010,8000,18
14048,8000,29
14070,8000,3
14087,8000,5
14094,8000,11
14114,8000,9
14123,8000,16
14170,7940,6
14184,8000,4
1419,8000,4
14203,7993,6
14205,8001,14
14227,8000,7
14324,6504,5
14371,8000,3
14389,8000,9
14436,8001,8
