image_id,verdict,keypoints,inliers,time_s,F1,IoU,precision,recall,MCC
10,authentic,8000,7,0.45,0.0,0.0,0.0,0.0,0.0
10015,forged,8000,12,1.92,0.0435,0.0223,0.0223,0.9143,0.136
10017,forged,8001,10,0.24,0.1109,0.0587,0.059,0.9183,0.2013
10030,forged,8000,594,0.91,0.4083,0.2565,0.2565,1.0,0.4488
10070,forged,8000,30,0.39,0.1316,0.0705,0.0721,0.756,0.1929
1008,authentic,8000,7,0.35,0.0,0.0,0.0,0.0,0.0
10138,forged,8000,677,0.68,0.3844,0.2379,0.2398,0.9683,0.4289
10139,authentic,8000,4,0.67,0.0,0.0,0.0,0.0,0.0
10147,forged,8000,26,0.44,0.5639,0.3926,0.499,0.6482,0.5657
10152,forged,8001,263,0.32,0.5437,0.3733,0.3754,0.9858,0.5661
10176,forged,8000,464,0.78,0.8097,0.6802,0.6828,0.9945,0.8075
10180,forged,8000,429,0.72,0.7716,0.6281,0.6288,0.9984,0.7761
10208,forged,8000,47,0.52,0.4325,0.2759,0.276,0.9983,0.5159
10266,forged,8000,454,0.79,0.7602,0.6131,0.6132,0.9999,0.7632
10277,forged,8001,395,0.76,0.5349,0.3651,0.3656,0.9961,0.543
10290,forged,8001,20,0.27,0.5308,0.3613,0.6874,0.4323,0.5431
10296,forged,1151,10,0.03,0.2423,0.1378,0.138,0.9899,0.234
10307,forged,8000,15,0.24,0.0,0.0,0.0,0.0,-0.0061
10348,authentic,7981,7,0.22,0.0,0.0,0.0,0.0,0.0
10398,forged,8000,13,0.38,0.1685,0.092,0.0991,0.5616,0.229
10408,forged,8000,29,0.22,0.3882,0.2409,0.2423,0.976,0.4014
1041,forged,4909,10,0.15,0.2562,0.147,0.147,1.0,0.3533
10435,forged,8000,125,0.58,0.766,0.6207,0.6764,0.8829,0.7389
10448,forged,8000,197,0.21,0.4696,0.3068,0.3082,0.9854,0.4349
10457,forged,8000,10,0.21,0.415,0.2619,0.2619,1.0,0.5085
10458,forged,8000,30,0.23,0.3554,0.2161,0.2252,0.842,0.3747
10476,forged,8000,455,0.76,0.6759,0.5105,0.5105,1.0,0.692
10505,forged,8001,434,0.24,0.9471,0.8996,0.8996,1.0,0.9372
10570,forged,8001,350,0.59,0.9407,0.888,0.8913,0.9958,0.918
10602,forged,8000,67,0.45,0.518,0.3495,0.3513,0.9857,0.5721
10632,authentic,8001,6,0.21,0.0,0.0,0.0,0.0,0.0
10636,forged,8002,70,0.28,0.6429,0.4737,0.475,0.9943,0.6662
10645,forged,8000,36,0.23,0.7108,0.5514,0.5534,0.9936,0.6763
1070,authentic,8000,5,0.51,0.0,0.0,0.0,0.0,0.0
10703,forged,8000,17,0.41,0.0,0.0,0.0,0.0,-0.0047
10730,forged,8001,290,0.73,0.4483,0.2889,0.2904,0.9821,0.4863
10742,authentic,8000,7,0.21,0.0,0.0,0.0,0.0,0.0
10799,forged,8000,779,0.67,0.75,0.6,0.6048,0.987,0.7565
10838,forged,8000,74,0.38,0.6221,0.4515,0.4648,0.9405,0.6443
10855,forged,8000,61,0.28,0.2569,0.1474,0.1616,0.6249,0.2662
10878,forged,8000,42,0.23,0.3493,0.2116,0.2127,0.9768,0.4256
10884,forged,8000,835,0.29,0.8814,0.7879,0.79,0.9966,0.8113
10886,forged,8001,145,0.8,0.3149,0.1869,0.1955,0.8091,0.2292
10911,authentic,8000,7,0.24,0.0,0.0,0.0,0.0,0.0
10939,forged,8000,46,0.28,0.5329,0.3633,0.3698,0.9536,0.5748
10951,forged,8000,60,0.28,0.3546,0.2155,0.2179,0.9515,0.4073
1097,forged,8000,24,0.27,0.0,0.0,0.0,0.0,-0.0759
10980,forged,8000,10,0.38,0.314,0.1862,0.1959,0.7908,0.385
10986,forged,5641,32,0.16,0.0,0.0,0.0,0.0,-0.0869
10991,authentic,8000,5,0.21,0.0,0.0,0.0,0.0,0.0
10992,forged,8000,857,0.83,0.7947,0.6594,0.6594,1.0,0.7919
1101,authentic,8000,7,0.26,0.0,0.0,0.0,0.0,0.0
11010,forged,8000,18,0.27,0.1124,0.0595,0.0598,0.9344,0.2344
11014,authentic,8000,0,0.25,0.0,0.0,0.0,0.0,0.0
11128,forged,8000,395,0.31,0.5313,0.3618,0.3618,0.9995,0.56
11130,forged,8000,14,0.3,0.2388,0.1356,0.1376,0.9044,0.3412
11206,forged,8000,267,0.74,0.335,0.2012,0.2017,0.9872,0.382
11223,forged,8000,15,0.29,0.0915,0.0479,0.0482,0.9117,0.2079
11240,forged,8001,64,0.31,0.5429,0.3726,0.3898,0.8943,0.5205
11249,authentic,8000,13,0.44,0.0,0.0,0.0,0.0,0.0
11277,authentic,8000,8,0.26,0.0,0.0,0.0,0.0,0.0
11296,forged,8001,16,0.36,0.66,0.4925,0.5361,0.8585,0.6754
11299,forged,8000,983,0.56,0.8015,0.6688,0.6815,0.9727,0.8019
11307,forged,8000,12,0.5,0.4429,0.2844,0.3016,0.8333,0.4971
11333,forged,8000,9,0.26,0.0,0.0,0.0,0.0,-0.0051
11356,forged,8000,19,0.22,0.2962,0.1738,0.1941,0.6252,0.3284
1137,forged,8000,54,0.26,0.0,0.0,0.0,0.0,-0.0356
11392,forged,8001,439,0.86,0.5791,0.4076,0.4076,1.0,0.611
11399,forged,8000,41,0.25,0.0,0.0,0.0,0.0,-0.0113
11426,forged,8000,770,0.48,0.9161,0.8452,0.8455,0.9996,0.8986
1143,authentic,8000,3,0.54,0.0,0.0,0.0,0.0,0.0
11440,authentic,8000,6,0.22,0.0,0.0,0.0,0.0,0.0
11446,forged,8000,25,0.25,0.1142,0.0606,0.0625,0.6604,0.2002
11501,forged,8000,879,0.67,0.7554,0.6069,0.6347,0.9327,0.6433
11508,authentic,8001,5,0.22,0.0,0.0,0.0,0.0,0.0
11513,authentic,8000,7,0.22,0.0,0.0,0.0,0.0,0.0
11547,forged,8000,16,0.25,0.3449,0.2084,0.2289,0.6994,0.398
11548,forged,8001,359,0.73,0.3232,0.1928,0.1946,0.9536,0.3117
11639,forged,8001,506,0.73,0.4196,0.2655,0.2655,1.0,0.4615
11646,forged,8000,188,0.44,0.6922,0.5293,0.532,0.9903,0.707
11662,authentic,8000,6,0.22,0.0,0.0,0.0,0.0,0.0
11698,forged,7084,51,0.18,0.5111,0.3433,0.3435,0.9978,0.5029
11708,forged,8000,201,0.41,0.424,0.269,0.2727,0.9525,0.4666
1173,forged,8000,23,0.21,0.0102,0.0051,0.0058,0.0393,-0.0347
1174,forged,8003,28,0.39,0.451,0.2911,0.3589,0.6066,0.4518
11740,forged,8000,12,0.37,0.2387,0.1355,0.1356,0.9952,0.3646
11747,authentic,8000,8,0.42,0.0,0.0,0.0,0.0,0.0
11761,forged,8000,303,0.42,0.8637,0.7601,0.7611,0.9983,0.8563
11764,forged,8000,12,0.24,0.0,0.0,0.0,0.0,-0.0026
11785,forged,8001,19,0.4,0.0,0.0,0.0,0.0,-0.0178
11854,forged,8000,43,0.24,0.1274,0.0681,0.0721,0.5458,0.1905
11904,forged,8000,16,0.21,0.0,0.0,0.0,0.0,-0.0432
11910,forged,8000,230,0.75,0.634,0.4641,0.4661,0.9907,0.651
11919,forged,8001,271,0.31,0.5264,0.3572,0.3633,0.955,0.4376
11942,forged,8000,14,0.21,0.1613,0.0878,0.0878,1.0,0.2822
11954,authentic,8001,5,0.36,0.0,0.0,0.0,0.0,0.0
11964,forged,8001,47,0.29,0.613,0.442,0.5876,0.6408,0.5915
11985,forged,8000,453,0.75,0.843,0.7286,0.7344,0.9892,0.834
1201,authentic,8000,4,0.96,0.0,0.0,0.0,0.0,0.0
12019,forged,8000,9,0.25,0.1173,0.0623,0.0657,0.5515,0.1865
12025,forged,8000,126,0.2,0.5565,0.3855,0.4235,0.8109,0.5381
12046,forged,8001,17,0.24,0.2016,0.1121,0.1198,0.6338,0.2716
12051,forged,8000,92,0.46,0.0,0.0,0.0,0.0,-0.0165
12063,forged,8000,33,0.45,0.3318,0.1989,0.199,0.9962,0.4393
12064,forged,8000,481,0.25,0.8153,0.6882,0.7027,0.9709,0.7579
12073,forged,8000,13,0.21,0.0952,0.05,0.05,1.0,0.2148
12115,authentic,8000,4,0.44,0.0,0.0,0.0,0.0,0.0
12124,forged,8001,268,0.49,0.337,0.2027,0.2027,1.0,0.4157
12143,forged,8000,12,0.25,0.1196,0.0636,0.0643,0.8605,0.2332
12149,forged,8001,32,0.26,0.4708,0.3079,0.3079,1.0,0.5384
12150,authentic,8000,8,0.44,0.0,0.0,0.0,0.0,0.0
12184,authentic,8000,3,0.39,0.0,0.0,0.0,0.0,0.0
12244,forged,8000,1159,0.68,0.4542,0.2938,0.2941,0.996,0.5195
1225,forged,8000,313,0.3,0.6016,0.4302,0.4337,0.9812,0.5872
12261,authentic,7522,6,0.2,0.0,0.0,0.0,0.0,0.0
12262,forged,8000,17,0.24,0.1345,0.0721,0.0721,1.0,0.2509
12265,forged,8000,24,0.25,0.1723,0.0943,0.0943,1.0,0.3055
12289,forged,8002,280,0.63,0.7339,0.5797,0.8209,0.6636,0.7283
12298,forged,8000,70,0.74,0.5993,0.4278,0.6031,0.5955,0.5687
12299,forged,8000,20,0.25,0.1856,0.1023,0.1029,0.9497,0.3108
12300,authentic,8000,6,0.35,0.0,0.0,0.0,0.0,0.0
12307,forged,8000,61,0.32,0.5063,0.3389,0.3868,0.7323,0.3894
12335,authentic,8000,4,0.35,0.0,0.0,0.0,0.0,0.0
12355,forged,8000,822,0.73,0.5777,0.4062,0.4062,1.0,0.5967
12363,authentic,8001,4,0.23,0.0,0.0,0.0,0.0,0.0
12364,forged,8000,533,0.34,0.3585,0.2184,0.219,0.9865,0.4095
12366,authentic,8000,8,0.22,0.0,0.0,0.0,0.0,0.0
1237,forged,8000,112,0.48,0.0801,0.0417,0.0453,0.3444,0.0946
12412,forged,8002,317,0.43,0.8072,0.6768,0.6902,0.972,0.7849
12427,forged,8000,901,0.25,0.9139,0.8415,0.8474,0.9918,0.8842
12446,authentic,8000,7,0.23,0.0,0.0,0.0,0.0,0.0
12459,authentic,8000,4,0.21,0.0,0.0,0.0,0.0,0.0
12505,forged,8000,90,0.42,0.3083,0.1823,0.1882,0.8522,0.3883
1251,authentic,8000,19,0.28,0.0,0.0,0.0,0.0,0.0
12557,forged,8000,720,0.64,0.6095,0.4383,0.4398,0.9922,0.6435
12572,forged,8001,27,0.43,0.0,0.0,0.0,0.0,-0.0173
12574,forged,8000,581,0.74,0.3948,0.246,0.246,1.0,0.4375
12589,authentic,7896,8,0.22,0.0,0.0,0.0,0.0,0.0
12612,forged,8000,694,0.64,0.4581,0.2971,0.2986,0.9829,0.5127
12615,authentic,8000,5,0.5,0.0,0.0,0.0,0.0,0.0
12629,authentic,8000,7,0.25,0.0,0.0,0.0,0.0,0.0
1270,forged,8000,19,0.26,0.3673,0.225,0.2525,0.6736,0.4108
12705,authentic,8000,6,0.22,0.0,0.0,0.0,0.0,0.0
1272,forged,8000,11,0.21,0.2102,0.1174,0.1174,1.0,0.3318
12747,forged,8000,620,0.7,0.7821,0.6422,0.6449,0.9937,0.7705
12793,forged,8001,201,0.73,0.6569,0.4891,0.4911,0.9919,0.6511
12798,forged,8000,114,0.41,0.7751,0.6327,0.9445,0.6572,0.7828
12809,forged,8001,19,0.2,0.7854,0.6466,0.8183,0.755,0.7714
12823,forged,8000,42,0.27,0.4945,0.3284,0.3286,0.9987,0.5548
12862,authentic,8000,5,0.21,0.0,0.0,0.0,0.0,0.0
12879,forged,8000,125,0.27,0.2339,0.1324,0.1326,0.9921,0.319
12908,forged,8000,18,0.42,0.0587,0.0302,0.0337,0.226,0.0461
12912,authentic,8000,8,0.22,0.0,0.0,0.0,0.0,0.0
12919,forged,8001,53,0.26,0.2647,0.1525,0.1545,0.9205,0.3668
12924,forged,8000,840,0.66,0.5205,0.3518,0.353,0.9905,0.5596
13020,forged,8000,206,0.19,0.7731,0.6301,0.6313,0.9971,0.7523
13072,authentic,8000,6,0.22,0.0,0.0,0.0,0.0,0.0
13108,forged,8000,11,0.22,0.2489,0.1421,0.1421,1.0,0.3677
13115,forged,8001,15,0.21,0.0004,0.0002,0.0002,0.0088,-0.0918
13121,forged,8000,10,0.28,0.5223,0.3535,0.4148,0.7051,0.5236
13123,forged,8001,12,0.4,0.0,0.0,0.0,0.0,-0.0053
13187,forged,8000,75,0.25,0.2069,0.1154,0.1221,0.6769,0.274
13219,forged,8000,16,0.24,0.085,0.0444,0.0453,0.6981,0.174
13254,authentic,8000,8,0.37,0.0,0.0,0.0,0.0,0.0
13315,forged,8000,11,0.36,0.0,0.0,0.0,0.0,-0.0127
13333,forged,8000,58,0.25,0.2966,0.1741,0.1748,0.9775,0.4077
13361,authentic,8000,5,0.33,0.0,0.0,0.0,0.0,0.0
13415,forged,8000,36,0.43,0.823,0.6993,0.6999,0.9988,0.8329
13426,forged,8000,74,0.35,0.3631,0.2218,0.2218,0.9997,0.4576
13444,forged,8000,391,0.69,0.5339,0.3642,0.3643,0.9988,0.5493
13451,forged,8001,56,0.39,0.4857,0.3208,0.7911,0.3504,0.4118
13510,forged,8000,64,0.24,0.0,0.0,0.0,0.0,-0.053
13511,forged,8001,1094,0.64,0.1295,0.0692,0.0776,0.3902,0.0889
13516,forged,8000,661,0.73,0.6463,0.4774,0.4774,1.0,0.6504
1353,forged,8001,83,0.71,0.5787,0.4071,0.4626,0.7723,0.5243
13603,authentic,8001,7,0.21,0.0,0.0,0.0,0.0,0.0
13611,forged,8000,28,0.21,0.5939,0.4224,0.5804,0.6081,0.5701
13624,authentic,8000,3,1.14,0.0,0.0,0.0,0.0,0.0
13635,forged,8001,199,0.3,0.5736,0.4022,0.4526,0.783,0.4718
13665,forged,8000,62,0.41,0.3895,0.2419,0.254,0.8349,0.4505
13670,forged,8000,795,0.71,0.7343,0.5802,0.5806,0.9988,0.725
13677,authentic,6179,8,0.18,0.0,0.0,0.0,0.0,0.0
13725,forged,8000,33,0.25,0.0,0.0,0.0,0.0,-0.0033
13732,authentic,8000,12,0.36,0.0,0.0,0.0,0.0,0.0
13734,authentic,8002,6,0.22,0.0,0.0,0.0,0.0,0.0
13742,forged,8001,20,0.25,0.0944,0.0496,0.0509,0.6482,0.1731
13744,authentic,8001,6,0.38,0.0,0.0,0.0,0.0,0.0
13785,authentic,8001,12,0.2,0.0,0.0,0.0,0.0,0.0
13799,forged,8003,1002,0.22,0.7621,0.6156,0.6156,1.0,0.4879
13813,forged,8000,374,0.71,0.6124,0.4413,0.4428,0.9922,0.6243
13839,authentic,8000,4,0.33,0.0,0.0,0.0,0.0,0.0
13846,forged,8000,27,0.33,0.5227,0.3539,0.3628,0.9347,0.5541
1385,forged,8000,111,0.46,0.3747,0.2305,0.2334,0.9489,0.46
1386,forged,8001,692,0.68,0.4689,0.3062,0.3067,0.9955,0.419
13863,forged,8000,54,0.21,0.6571,0.4893,0.4947,0.9783,0.6936
13893,forged,8000,42,0.34,0.5324,0.3628,0.364,0.9906,0.5586
13898,forged,8000,10,0.43,0.06,0.0309,0.0319,0.5079,0.1079
13905,forged,8000,14,0.25,0.1215,0.0647,0.0686,0.5279,0.1844
13920,forged,8000,10,0.24,0.2125,0.1189,0.1194,0.9655,0.3374
13957,authentic,8002,5,0.21,0.0,0.0,0.0,0.0,0.0
